total_amount,quantity,Cluster
28.266,1.0,2
382.44,4.0,2
2769.4708,11.0,0
867.6479999999999,4.0,2
791.2823999999999,2.0,2
1515.8276,7.0,0
2947.5637999999994,8.0,0
1576.4664,6.0,0
1516.7687999999998,10.0,0
498.04320000000007,8.0,2
894.0888000000001,8.0,2
166.16340000000002,9.0,2
1200.3854000000001,9.0,2
578.2664,3.0,2
311.328,1.0,2
279.80219999999997,2.0,2
302.3811,1.0,2
623.6945000000001,5.0,2
1732.368,4.0,0
185.77999999999997,2.0,2
1716.6692,8.0,0
210.16,5.0,2
3025.7873,13.0,0
603.4236,6.0,2
1904.562,21.0,0
3058.212,8.0,0
689.044,2.0,2
1858.9056,10.0,0
2772.4896,15.0,0
501.37880000000007,6.0,2
520.3072,8.0,2
2273.0004000000004,18.0,0
532.0341,2.0,2
513.6497999999999,2.0,2
3091.8846,9.0,0
487.94190000000003,4.0,2
3101.1058000000003,13.0,0
622.0408,8.0,2
1925.7797999999998,6.0,0
1414.9868000000001,7.0,2
3027.2225,11.0,0
1278.4128,8.0,2
2594.8419999999996,8.0,0
1118.0567999999998,7.0,2
2016.135,5.0,0
138.292,1.0,2
2495.2608,8.0,0
2707.2522,9.0,0
3757.9962000000005,9.0,1
3861.4103000000005,13.0,1
563.6766,6.0,2
3059.7378000000003,16.0,0
2809.1753999999996,9.0,0
2130.7797,7.0,0
79.7433,7.0,2
2415.3743999999997,14.0,0
2057.2884,9.0,0
3039.4812,10.0,0
1368.2850000000003,9.0,2
634.402,11.0,2
2186.7963,13.0,0
2071.2798000000003,9.0,0
2826.6497999999997,15.0,0
2909.7936,13.0,0
2664.1302000000005,6.0,0
551.3496,2.0,2
3202.0431,20.0,0
1975.5312000000001,10.0,0
1424.1194,24.0,0
4049.7776000000003,10.0,1
205.6808,2.0,2
2432.8122,7.0,0
3343.7502000000004,18.0,1
2002.0487999999996,10.0,0
467.2568,5.0,2
285.768,4.0,2
406.95279999999997,2.0,2
919.6379999999999,9.0,2
510.36960000000005,6.0,2
1063.696,4.0,2
69.2445,1.0,2
433.19399999999996,4.0,2
326.126,11.0,2
2788.5974,9.0,0
823.5984,5.0,2
1000.6162999999999,10.0,2
2433.2624,10.0,0
187.46959999999999,1.0,2
1904.2554999999998,7.0,0
579.6396000000001,4.0,2
4149.177,24.0,1
1082.1200000000001,15.0,2
3130.4856,16.0,0
3093.4506,14.0,0
1330.7600000000002,5.0,2
3068.940600000001,14.0,0
118.68780000000001,6.0,2
1323.6223,7.0,2
3691.0436,12.0,1
682.9002,9.0,2
2548.5234,22.0,0
2447.7255999999998,10.0,0
3070.4343000000003,11.0,0
3067.7358000000004,14.0,0
1691.7156,11.0,0
694.1900999999999,11.0,2
916.0360000000001,4.0,2
824.5869000000001,7.0,2
4310.2528,15.0,1
726.7121,9.0,2
221.911,5.0,2
1255.6843999999999,4.0,2
4472.3276,17.0,1
3450.9199999999996,13.0,1
477.1375,7.0,2
937.6910999999999,9.0,2
3553.2168,15.0,1
1115.316,4.0,2
180.33339999999998,1.0,2
801.3616000000001,8.0,2
1812.0663000000002,6.0,0
3592.64,8.0,1
130.5198,2.0,2
833.8024,15.0,2
2501.2799999999997,8.0,0
277.06899999999996,13.0,2
1492.8852,4.0,0
371.9862,1.0,2
3694.3646,14.0,1
4542.099,22.0,1
648.9449999999999,9.0,2
4428.2656,17.0,1
237.34080000000003,6.0,2
2012.2788,5.0,0
722.9544,2.0,2
1216.707,3.0,2
1021.0937000000001,9.0,2
778.1076,9.0,2
2137.016,8.0,0
2395.3212000000003,15.0,0
1130.5756,4.0,2
355.03649999999993,3.0,2
858.0060000000001,14.0,2
784.423,7.0,2
2152.6584,16.0,0
670.776,7.0,2
1520.6616,6.0,0
1915.4529,9.0,0
3291.072,10.0,1
1828.674,10.0,0
2593.6269,10.0,0
1130.6066999999998,7.0,2
1057.4908000000003,7.0,2
1367.0855999999999,9.0,2
899.7084000000001,15.0,2
4098.073399999999,18.0,1
1118.8681000000001,7.0,2
2159.6787,9.0,0
591.9648,4.0,2
471.32980000000003,2.0,2
940.11,8.0,2
458.30400000000003,6.0,2
2351.6256000000003,10.0,0
1214.3232,4.0,2
364.0338,1.0,2
1623.6000000000001,5.0,0
553.1328000000001,8.0,2
1915.98,8.0,0
2370.3882000000003,12.0,0
308.528,2.0,2
5842.539400000001,27.0,1
1042.2678,3.0,2
2953.629,12.0,0
1714.8854000000001,23.0,0
130.36800000000002,7.0,2
342.73800000000006,5.0,2
839.2028,12.0,2
858.591,6.0,2
845.2059,3.0,2
477.17909999999995,3.0,2
357.0024000000001,8.0,2
4715.1374,15.0,1
663.2992,8.0,2
1581.768,8.0,0
1598.2272000000003,9.0,0
555.2421,7.0,2
1011.2148000000001,11.0,2
64.45439999999999,9.0,2
888.2688,8.0,2
708.521,6.0,2
2774.228,17.0,0
1607.774,5.0,0
1165.4508,8.0,2
3439.1492999999996,9.0,1
293.05800000000005,2.0,2
1199.5913999999998,7.0,2
2085.504,5.0,0
961.8575999999998,4.0,2
1469.1868,7.0,0
148.148,5.0,2
963.6551999999999,4.0,2
1600.4981,13.0,0
468.91700000000003,5.0,2
778.5477,3.0,2
234.6168,3.0,2
1919.7359999999999,8.0,0
1727.8151999999998,8.0,0
310.3121,1.0,2
2136.1027999999997,14.0,0
3167.0774,20.0,0
3035.8968,8.0,0
1353.163,5.0,2
392.172,3.0,2
1206.8159999999998,8.0,2
2302.1702999999998,12.0,0
300.50350000000003,8.0,2
267.1425,12.0,2
1131.4116,4.0,2
1250.724,5.0,2
907.5348,8.0,2
369.216,3.0,2
822.2991000000002,7.0,2
2615.1384,9.0,0
2829.024,9.0,0
378.714,6.0,2
1029.924,4.0,2
2584.0335,29.0,0
430.76879999999994,2.0,2
161.332,2.0,2
1905.5568,8.0,0
2284.7792,8.0,0
651.0456,3.0,2
1460.9052000000001,9.0,0
549.8756999999999,9.0,2
499.96,2.0,2
1717.4464999999998,5.0,0
1156.9394000000002,6.0,2
29.8205,1.0,2
856.235,6.0,2
761.0944,4.0,2
200.16539999999998,10.0,2
578.1552000000001,6.0,2
820.9233999999999,6.0,2
84.4536,7.0,2
2578.4892,9.0,0
1291.8548,12.0,2
2233.3572,8.0,0
190.60080000000002,1.0,2
641.4125,5.0,2
1040.7453,3.0,2
61.354800000000004,1.0,2
692.5149,3.0,2
3427.1532,15.0,1
3138.581,18.0,0
5135.0284,20.0,1
598.0046,8.0,2
1325.3660999999997,8.0,2
457.37600000000003,4.0,2
2695.7745,17.0,0
3105.8593,17.0,0
379.3552,5.0,2
403.06500000000005,8.0,2
685.8044,3.0,2
748.7004,4.0,2
1803.5857,15.0,0
1462.3696,11.0,0
1074.9958000000001,5.0,2
1497.9507999999998,4.0,0
6021.2952,25.0,1
3191.9336000000003,12.0,0
2676.9024000000004,9.0,0
2975.6664,10.0,0
320.164,5.0,2
2482.4869999999996,10.0,0
12.998,2.0,2
2092.4033,11.0,0
134.1363,1.0,2
422.06020000000007,2.0,2
3375.9516,15.0,1
1092.9976000000001,6.0,2
3701.2284,15.0,1
1448.6402,13.0,0
831.7428,11.0,2
2230.3406999999997,8.0,0
3053.9528999999998,20.0,0
2624.5296000000003,6.0,0
926.5823,20.0,2
3279.3974,18.0,0
3843.0433,15.0,1
2711.4078,9.0,0
1819.6326,6.0,0
287.6648,7.0,2
559.7343000000001,3.0,2
882.2063999999999,4.0,2
625.7403,3.0,2
1199.7395999999999,18.0,2
2375.4438,15.0,0
4197.426,12.0,1
2489.7092,9.0,0
3661.9947,9.0,1
1555.8408,12.0,0
758.9291999999999,3.0,2
1372.2057,3.0,2
2614.242,11.0,0
816.6708000000001,9.0,2
1125.3536,8.0,2
630.0426,12.0,2
762.2049000000001,3.0,2
2351.0748000000003,16.0,0
2081.2272,8.0,0
324.6813,3.0,2
189.1008,8.0,2
797.3496000000001,8.0,2
4063.1639999999998,19.0,1
198.2048,8.0,2
1521.2085,5.0,0
784.8888000000001,8.0,2
1197.0126,4.0,2
1666.2953999999997,13.0,0
2532.6264,14.0,0
938.8099000000001,8.0,2
4256.7521,26.0,1
1056.7644,6.0,2
1472.1426,12.0,0
2524.4622000000004,9.0,0
946.8203000000001,4.0,2
2497.1465999999996,12.0,0
1811.2795999999998,10.0,0
2233.4004,7.0,0
3343.2642,14.0,1
1087.3636000000001,15.0,2
2908.2851999999993,9.0,0
7315.784900000001,33.0,1
3057.6479999999997,12.0,0
691.78,2.0,2
1423.6300000000003,5.0,0
3243.5712,8.0,0
1374.156,5.0,2
739.422,5.0,2
391.13599999999997,8.0,2
1029.2102,8.0,2
2202.537,6.0,0
161.3304,3.0,2
1817.2776000000003,9.0,0
5440.066,22.0,1
1473.1602,9.0,0
577.6575,7.0,2
340.9248,3.0,2
460.5862,2.0,2
675.7948,2.0,2
2222.214,13.0,0
2220.3712,16.0,0
4300.9761,24.0,1
2679.781,14.0,0
2858.3562,7.0,0
647.1920000000001,7.0,2
653.2808,10.0,2
181.4148,3.0,2
3022.2786000000006,17.0,0
1759.4552,10.0,0
458.852,2.0,2
2545.8101,17.0,0
211.7388,2.0,2
1010.748,9.0,2
15.421399999999998,2.0,2
1478.0628000000002,8.0,0
338.8632,1.0,2
856.6635000000001,3.0,2
757.0196,8.0,2
2714.1839999999997,24.0,0
813.1551000000002,7.0,2
904.47,4.0,2
1840.2390000000003,5.0,0
3462.3151,20.0,1
42.906,1.0,2
2206.0484,7.0,0
2913.6746000000003,19.0,0
2971.1535999999996,11.0,0
227.052,1.0,2
207.3456,3.0,2
2920.2057,9.0,0
301.0545,4.0,2
5230.8081999999995,20.0,1
2747.3994000000002,11.0,0
2483.8482,18.0,0
3021.7226,14.0,0
2776.7684999999997,10.0,0
2596.3545,17.0,0
4101.496999999999,19.0,1
490.99160000000006,4.0,2
693.5778000000001,8.0,2
339.58729999999997,1.0,2
596.37,4.0,2
1315.8026000000002,7.0,2
1907.7587999999998,16.0,0
72.1578,1.0,2
4004.8869000000004,22.0,1
1689.5880000000002,8.0,0
979.1021999999998,8.0,2
1560.9219,11.0,0
1991.2242,12.0,0
1321.784,7.0,2
5687.130799999999,20.0,1
708.0920000000001,11.0,2
770.952,5.0,2
293.6662,2.0,2
288.5212,1.0,2
4134.474,19.0,1
1975.1106,14.0,0
2266.016,8.0,0
4720.302000000001,18.0,1
3264.004,14.0,0
24.462,2.0,2
1291.2783,8.0,2
1451.7792000000004,9.0,0
4985.5509,24.0,1
1703.1,5.0,0
1295.6125,7.0,2
1009.5540000000001,6.0,2
1874.6784,9.0,0
1538.2223999999997,6.0,0
1171.5405,10.0,2
4183.3694,12.0,1
2086.0149,9.0,0
1648.2135000000003,13.0,0
609.588,6.0,2
435.0876,3.0,2
2546.8353,9.0,0
1077.5148,19.0,2
2603.4624,9.0,0
2484.8687999999997,8.0,0
7539.8487,24.0,1
2779.3868999999995,17.0,0
1328.6756,7.0,2
3786.4371999999994,13.0,1
2378.8799999999997,7.0,0
1122.5144000000003,4.0,2
1912.9391999999998,7.0,0
830.7024,2.0,2
623.5164,3.0,2
633.96,3.0,2
3991.0212,15.0,1
1282.3296,4.0,2
2301.7745,17.0,0
3754.5579000000007,26.0,1
384.84839999999997,3.0,2
411.51599999999996,7.0,2
4397.0412,16.0,1
1313.4660000000001,12.0,2
1082.1059999999998,9.0,2
213.10079999999996,2.0,2
2430.3076,8.0,0
615.2043,3.0,2
4147.2080000000005,13.0,1
2608.4202,12.0,0
207.69850000000002,2.0,2
1201.158,7.0,2
591.8992,2.0,2
3971.4168,14.0,1
3000.0201,10.0,0
393.45239999999995,2.0,2
4304.8949999999995,14.0,1
398.2864,12.0,2
4696.223,18.0,1
2640.7920000000004,12.0,0
3065.3061,16.0,0
4085.0209999999997,16.0,1
5459.3626,20.0,1
4083.1368999999995,13.0,1
2044.9017,14.0,0
109.99799999999999,3.0,2
123.84,1.0,2
895.1418000000001,6.0,2
1318.8179999999998,5.0,2
445.83600000000007,4.0,2
4515.5709,18.0,1
135.4275,9.0,2
1426.2080000000003,8.0,0
301.788,1.0,2
1587.4596000000001,16.0,0
3361.3673999999996,9.0,1
493.7462,2.0,2
2339.7599999999998,8.0,0
1153.4352000000001,7.0,2
36.0,3.0,2
3017.1641,15.0,0
1151.0700000000002,10.0,2
1095.73,4.0,2
971.1299999999999,5.0,2
1224.1799999999998,9.0,2
155.42549999999997,3.0,2
2594.4672,8.0,0
1169.742,5.0,2
1250.0692,12.0,2
714.7140000000002,7.0,2
1271.4705,3.0,2
53.923100000000005,1.0,2
560.8406,9.0,2
1587.4191,9.0,0
285.13800000000003,3.0,2
1304.5655,14.0,2
1578.8500000000001,5.0,0
3045.258,13.0,0
547.7605,7.0,2
1220.3136000000002,8.0,2
1640.8944,6.0,0
2154.5321,14.0,0
2592.8559999999998,7.0,0
2056.383,7.0,0
4336.6184,24.0,1
1944.0782999999997,9.0,0
1101.2504,4.0,2
2358.7690000000002,18.0,0
827.1604,5.0,2
2070.6651,9.0,0
93.612,2.0,2
261.6772,1.0,2
2063.6693,11.0,0
1466.3160000000003,6.0,0
3308.3947,9.0,1
4180.1763,19.0,1
3001.3994000000002,12.0,0
60.1619,4.0,2
1176.037,5.0,2
1001.6930000000001,7.0,2
819.0195,9.0,2
1216.4132,4.0,2
1298.4201,12.0,2
178.5632,8.0,2
888.447,9.0,2
711.9392,8.0,2
394.92240000000004,2.0,2
1425.5285999999999,5.0,0
2993.1677999999997,7.0,0
1124.7546,6.0,2
2123.5914000000002,9.0,0
2868.8782,13.0,0
1299.3435,5.0,2
1562.0364000000002,11.0,0
2970.3311999999996,9.0,0
810.3186000000001,9.0,2
446.41999999999996,8.0,2
9.268900000000002,1.0,2
3920.313,20.0,1
1155.8078999999998,12.0,2
678.36,3.0,2
751.4924000000001,7.0,2
1087.3993999999998,5.0,2
3912.8307999999997,17.0,1
240.1784,1.0,2
631.4995,5.0,2
53.41049999999999,3.0,2
1645.3104,12.0,0
290.69599999999997,2.0,2
1392.9780999999998,6.0,2
4370.4272,16.0,1
1103.0574000000001,5.0,2
1493.7249000000002,7.0,0
1290.8970000000002,16.0,2
1561.9316000000001,12.0,0
722.1039,5.0,2
1487.245,5.0,0
1255.9511999999997,12.0,2
498.35490000000004,3.0,2
460.64900000000006,7.0,2
2722.4640000000004,9.0,0
1440.3056,8.0,0
869.9103,6.0,2
1697.2614,18.0,0
4726.3396,16.0,1
3953.7106999999996,22.0,1
1208.8505,13.0,2
40.542,2.0,2
738.2688,6.0,2
977.0228,7.0,2
6055.688399999999,26.0,1
2261.3293999999996,14.0,0
1225.6226000000001,14.0,2
5439.2913,27.0,1
2471.7927999999997,17.0,0
633.4608,4.0,2
1827.6927999999998,7.0,0
1561.2096,8.0,0
2699.0487,18.0,0
825.265,5.0,2
502.2198000000001,9.0,2
9930.1888,25.0,1
1115.2359999999999,21.0,2
386.69399999999996,7.0,2
3020.4422,11.0,0
161.736,5.0,2
708.9960000000001,10.0,2
1876.0986,19.0,0
1324.6902,3.0,2
356.43299999999994,3.0,2
224.3236,1.0,2
312.1713,1.0,2
42.660000000000004,8.0,2
689.6532,9.0,2
1829.2952,10.0,0
1648.2474000000002,9.0,0
820.9584,13.0,2
1463.3586,9.0,0
1072.0512,4.0,2
1202.8212,3.0,2
1145.095,5.0,2
1335.9159999999997,8.0,2
101.83999999999999,1.0,2
1940.9034,16.0,0
608.2889,4.0,2
714.9996,7.0,2
296.0496,7.0,2
1775.2496,18.0,0
3507.3644999999997,26.0,1
925.0709999999999,7.0,2
1222.9199999999998,5.0,2
1653.2262,9.0,0
1327.3674,11.0,2
2644.9199999999996,8.0,0
546.14,2.0,2
1409.9436,9.0,2
231.345,9.0,2
315.6615,7.0,2
254.6596,1.0,2
110.47680000000001,3.0,2
3459.4610999999995,20.0,1
1694.8044,14.0,0
3945.1897000000004,27.0,1
118.51919999999998,1.0,2
1750.905,5.0,0
1014.7429000000001,8.0,2
2462.1153999999997,7.0,0
1200.5910000000001,9.0,2
3536.1708,24.0,1
2917.7064,7.0,0
1702.3631000000003,12.0,0
1553.406,16.0,0
1828.817,5.0,0
1392.6489,17.0,2
606.5385000000001,7.0,2
2321.739,15.0,0
912.1512,3.0,2
2809.0840000000003,9.0,0
622.336,5.0,2
3519.9719999999998,13.0,1
651.7914999999999,5.0,2
1752.192,6.0,0
181.79999999999998,2.0,2
2337.565,16.0,0
112.10820000000001,1.0,2
731.9006,5.0,2
341.9904,6.0,2
2450.7968,12.0,0
195.0984,9.0,2
477.88,5.0,2
1811.4317999999998,10.0,0
669.4308000000001,6.0,2
2657.6202,21.0,0
2785.923,7.0,0
1172.0520000000001,7.0,2
2380.8077999999996,8.0,0
1415.5272,6.0,2
1279.4236,9.0,2
3273.264,14.0,0
2636.0760999999998,10.0,0
942.3389999999999,10.0,2
23.341500000000003,1.0,2
572.3604,6.0,2
5087.394,16.0,1
6032.6464,26.0,1
940.0128000000001,18.0,2
175.1904,1.0,2
2814.9058,9.0,0
56.9874,2.0,2
1758.5332,4.0,0
3333.6102,10.0,1
4963.948799999999,18.0,1
2339.2799999999997,6.0,0
2805.0974,9.0,0
100.46400000000001,1.0,2
790.866,6.0,2
1553.9958000000001,7.0,0
4417.3436,17.0,1
1937.1436999999999,10.0,0
104.50880000000001,1.0,2
6354.7531,25.0,1
741.6,4.0,2
5010.099200000001,25.0,1
912.2399999999999,5.0,2
2733.6819,11.0,0
1510.4168000000002,8.0,0
624.5999999999999,4.0,2
1292.2835,10.0,2
2123.5536,8.0,0
2790.3442,13.0,0
801.9272,7.0,2
5000.859600000001,13.0,1
1704.6795,5.0,0
2325.973,14.0,0
2028.7130000000002,13.0,0
4106.091100000001,19.0,1
2174.742,6.0,0
14.972999999999999,3.0,2
840.9807999999999,4.0,2
1212.4951999999998,16.0,2
398.5514999999999,5.0,2
1159.9360000000001,8.0,2
417.312,3.0,2
3686.592,14.0,1
2306.0744999999997,5.0,0
2815.3664000000003,7.0,0
2605.636,13.0,0
1069.4605,5.0,2
762.04,7.0,2
4558.8292,13.0,1
3798.0608,12.0,1
4425.2178,13.0,1
3176.2241,18.0,0
957.2936000000001,4.0,2
1462.5559,15.0,0
1398.3792,8.0,2
3732.9030000000002,14.0,1
1201.6602,3.0,2
1041.8688,8.0,2
1135.5425,6.0,2
1761.256,7.0,0
1429.1648,8.0,0
4075.0670999999993,24.0,1
4899.8125,24.0,1
2915.856,8.0,0
2081.52,7.0,0
173.4076,2.0,2
3918.1065,15.0,1
4063.285500000001,20.0,1
1869.0826,13.0,0
1851.2158000000002,7.0,0
1959.606,5.0,0
783.9599999999999,6.0,2
542.097,5.0,2
3230.0413999999996,13.0,0
358.8827,4.0,2
616.0976,6.0,2
1535.7913,11.0,0
5142.7778,14.0,1
4461.9152,15.0,1
874.4112,4.0,2
301.89529999999996,1.0,2
3687.2876,13.0,1
282.3169,1.0,2
2326.6704,10.0,0
378.1462,13.0,2
877.8426,3.0,2
309.8556,4.0,2
2151.7476,11.0,0
2150.0073,9.0,0
2244.902,17.0,0
2521.95,6.0,0
443.60069999999996,1.0,2
179.67270000000002,1.0,2
3112.5077,14.0,0
3029.2092000000002,9.0,0
1256.6884,6.0,2
1514.3352000000002,6.0,0
1088.8473,4.0,2
3629.8944,8.0,1
1977.2384000000004,10.0,0
761.7568000000001,4.0,2
2552.4954000000002,17.0,0
1549.9726,7.0,0
317.56120000000004,10.0,2
601.9122,6.0,2
4594.9997,18.0,1
1818.0366,15.0,0
3473.5354,11.0,1
3158.8467,15.0,0
757.7319000000001,6.0,2
1222.8175,15.0,2
459.2,2.0,2
1551.4828,7.0,0
982.5546,6.0,2
1538.1792,6.0,0
1049.535,12.0,2
1179.563,5.0,2
116.9088,2.0,2
4148.7093,19.0,1
454.2774,2.0,2
47.316500000000005,7.0,2
1125.864,9.0,2
847.2547999999999,7.0,2
2225.8576000000003,6.0,0
284.65319999999997,7.0,2
2371.3231,11.0,0
23.889599999999998,6.0,2
1827.5697,9.0,0
1397.24,15.0,2
4384.9768,17.0,1
1382.203,10.0,2
365.78700000000003,1.0,2
505.7472,7.0,2
1454.01,5.0,0
107.3652,2.0,2
1791.2544,16.0,0
798.2656000000001,4.0,2
174.59,4.0,2
388.92,5.0,2
1475.928,9.0,0
1369.5358999999999,4.0,2
314.9352,9.0,2
4379.411,20.0,1
943.6896,12.0,2
1098.4974,4.0,2
1240.4862,6.0,2
566.2278,2.0,2
1994.6790999999998,19.0,0
1050.3185,7.0,2
820.1687999999999,4.0,2
757.926,4.0,2
3834.6975,14.0,1
1322.5059999999999,10.0,2
2854.4784,16.0,0
1876.0143999999998,4.0,0
1482.4034000000001,9.0,0
5026.1502,18.0,1
526.318,2.0,2
1960.7052,14.0,0
54.6443,1.0,2
2062.9385999999995,15.0,0
4189.7865,19.0,1
1517.1886999999997,15.0,0
1574.1741999999997,11.0,0
807.9426000000001,3.0,2
375.1353,3.0,2
1385.9166,3.0,2
533.8256,8.0,2
55.482600000000005,6.0,2
2348.6604,10.0,0
208.452,4.0,2
4625.101900000001,17.0,1
2243.1189999999997,16.0,0
1215.708,6.0,2
127.73700000000001,1.0,2
38.608,1.0,2
1576.062,16.0,0
924.7878000000001,11.0,2
378.24,2.0,2
1258.0456,4.0,2
1300.0677,11.0,2
3303.6579,16.0,1
1408.8830000000003,5.0,2
12.097199999999999,1.0,2
2609.1784,12.0,0
2714.1812,14.0,0
439.39379999999994,4.0,2
2040.7986000000003,12.0,0
3225.3552,9.0,0
1434.6297,7.0,0
185.5443,11.0,2
2507.2788,12.0,0
2314.3952,19.0,0
2354.3617999999997,7.0,0
229.176,2.0,2
796.2015,5.0,2
2596.9636,11.0,0
895.8600000000001,9.0,2
1076.168,5.0,2
1300.6796,10.0,2
476.368,2.0,2
3160.8378000000002,13.0,0
1071.7746000000002,9.0,2
658.296,2.0,2
326.4639,3.0,2
1988.1435999999999,14.0,0
2462.5144000000005,17.0,0
2523.168,7.0,0
366.0864,2.0,2
1474.856,5.0,0
416.8654,8.0,2
2417.3746,13.0,0
1196.3049,7.0,2
788.0609999999999,10.0,2
1451.7743999999998,8.0,0
2769.9320000000002,16.0,0
1127.7996,6.0,2
1210.4950000000001,5.0,2
2820.7090000000003,21.0,0
1270.3728,4.0,2
1541.4951999999998,8.0,0
2272.8527999999997,12.0,0
1727.7646,14.0,0
2136.2112,10.0,0
144.30239999999998,2.0,2
4403.5077,17.0,1
1142.925,7.0,2
2293.1978,13.0,0
153.9298,8.0,2
1066.572,4.0,2
1646.4676,11.0,0
638.154,2.0,2
1286.4192,7.0,2
4186.224,14.0,1
220.98999999999998,7.0,2
168.636,4.0,2
426.844,1.0,2
1203.9168,8.0,2
1321.1216,4.0,2
2542.7397,20.0,0
1518.5835,9.0,0
1062.4932,5.0,2
976.1023999999999,7.0,2
576.5885999999999,9.0,2
4346.568,15.0,1
1545.9471999999998,8.0,0
712.006,5.0,2
2105.3736,8.0,0
2330.7039999999997,17.0,0
407.22839999999997,3.0,2
1457.245,5.0,0
1830.3,7.0,0
2029.1924999999999,10.0,0
869.8059000000001,9.0,2
1505.7428,4.0,0
933.9473,10.0,2
748.3392,4.0,2
3073.8655,28.0,0
1622.8212,7.0,0
3778.2034,22.0,1
1435.7844,9.0,0
1025.6112,8.0,2
2255.9139,12.0,0
1825.6466,18.0,0
320.229,9.0,2
388.15070000000003,7.0,2
329.638,1.0,2
697.7280000000001,16.0,2
748.992,2.0,2
2170.6331999999998,9.0,0
403.59000000000003,3.0,2
1757.994,6.0,0
610.4876,13.0,2
138.7488,8.0,2
1248.7132,16.0,2
1159.7592,14.0,2
750.3316000000001,4.0,2
2322.879,9.0,0
505.8744,6.0,2
3139.5936,13.0,0
3821.7159,11.0,1
310.076,1.0,2
1552.6866,14.0,0
1960.2287999999999,11.0,0
532.3952,8.0,2
1630.9212,6.0,0
1881.2505999999998,25.0,0
1038.255,5.0,2
1747.6505,8.0,0
518.1768,2.0,2
2870.5798000000004,15.0,0
4862.925,19.0,1
1035.1428,4.0,2
1306.404,6.0,2
2126.5098,6.0,0
5097.812600000001,19.0,1
2548.7398,17.0,0
3854.9165999999996,17.0,1
4727.4694,17.0,1
705.0326000000001,8.0,2
1018.9152000000001,8.0,2
237.1404,2.0,2
190.7139,1.0,2
709.2372,4.0,2
2100.792,11.0,0
2633.148,9.0,0
2017.1079999999997,17.0,0
855.8875,5.0,2
541.7394,2.0,2
3532.7603999999997,20.0,1
2145.4449,10.0,0
678.699,6.0,2
1949.5933000000002,13.0,0
3080.8374000000003,12.0,0
2737.2095999999997,9.0,0
431.1478,4.0,2
820.224,9.0,2
1692.8239999999998,7.0,0
222.6368,1.0,2
1837.5758999999998,21.0,0
791.0882,7.0,2
5505.6408,18.0,1
4908.211200000001,23.0,1
1677.1680000000003,8.0,0
142.9505,1.0,2
4094.3735000000006,12.0,1
2291.821,7.0,0
2174.1195000000002,11.0,0
3270.1858,14.0,0
403.2728,1.0,2
539.8353000000001,9.0,2
231.68159999999997,9.0,2
1523.9568000000002,17.0,0
2051.0772,13.0,0
769.7508,3.0,2
132.5436,2.0,2
3136.3797999999997,10.0,0
2043.8038000000001,14.0,0
4898.9691,13.0,1
1786.7336,7.0,0
1334.609,5.0,2
1028.7448,8.0,2
2597.5783,12.0,0
722.9000000000001,5.0,2
586.9851000000001,3.0,2
258.44,5.0,2
3554.9768,17.0,1
3838.7578,13.0,1
2073.8052000000002,9.0,0
1540.0854000000002,7.0,0
85.55399999999999,7.0,2
951.12,4.0,2
216.95999999999998,4.0,2
2041.3264,10.0,0
1233.1662,3.0,2
1289.088,6.0,2
2135.5135999999998,8.0,0
1976.9868000000001,10.0,0
592.7667,3.0,2
2715.2044000000005,20.0,0
3453.8632,15.0,1
2937.556,12.0,0
1453.0421000000001,9.0,0
21.8736,2.0,2
967.0486000000001,7.0,2
2569.9236,11.0,0
1657.6728000000003,8.0,0
2024.0376,8.0,0
2127.4101,18.0,0
4387.735,21.0,1
4942.7412,19.0,1
2113.4741,9.0,0
652.1790000000001,3.0,2
1150.0391,7.0,2
387.0018,9.0,2
2742.0011999999997,11.0,0
1381.5339999999999,5.0,2
3854.8604000000005,20.0,1
1111.0439999999999,8.0,2
3822.3012,12.0,1
2037.0720000000001,12.0,0
2562.3788999999997,9.0,0
2280.5280000000002,5.0,0
305.33700000000005,2.0,2
408.5076,4.0,2
2545.3244000000004,13.0,0
4117.9858,18.0,1
357.16200000000003,2.0,2
1385.696,15.0,2
46.09439999999999,1.0,2
1068.0790000000002,5.0,2
1657.782,14.0,0
1412.2070999999999,20.0,2
2322.952,10.0,0
4850.0585,17.0,1
1485.1252000000002,4.0,0
633.6512000000001,7.0,2
3151.0098000000003,19.0,0
964.9036,7.0,2
2053.1418,10.0,0
2381.0959000000003,14.0,0
1872.5734999999997,7.0,0
2209.1511,11.0,0
1836.0945,12.0,0
1549.4769999999999,6.0,0
1888.3038,7.0,0
15.4584,1.0,2
354.8424,3.0,2
653.8797,11.0,2
723.2756999999999,15.0,2
7123.394899999999,25.0,1
469.433,2.0,2
459.452,4.0,2
207.9504,3.0,2
1525.953,6.0,0
3358.7454,20.0,1
228.7744,4.0,2
1428.9519999999998,8.0,0
3234.8043000000007,9.0,0
1181.9519999999998,6.0,2
2717.5134,14.0,0
2768.087,10.0,0
1297.3266,9.0,2
1214.4606999999999,6.0,2
2029.84,14.0,0
1100.736,9.0,2
418.29120000000006,2.0,2
3008.6928,8.0,0
3347.7857999999997,12.0,1
1889.3003999999999,6.0,0
1662.0408,9.0,0
1598.7082,14.0,0
1127.4648,7.0,2
105.74720000000002,8.0,2
4121.5056,14.0,1
4432.0296,16.0,1
3021.4755,14.0,0
1123.3716000000002,9.0,2
810.4341999999999,9.0,2
2989.4074000000005,20.0,0
113.2632,1.0,2
5240.380799999999,17.0,1
3606.7614,10.0,1
362.5392,3.0,2
2771.7164,10.0,0
473.8041,7.0,2
1818.6556,6.0,0
2957.3852,18.0,0
2164.87,10.0,0
1684.8685,13.0,0
3072.2232,16.0,0
2899.8928,17.0,0
968.4134999999999,3.0,2
21.9348,1.0,2
3178.6159999999995,14.0,0
2154.8982,6.0,0
1839.74,7.0,0
2694.227,9.0,0
661.2479999999999,6.0,2
1289.1852000000001,4.0,2
3538.8603,9.0,1
240.65699999999998,2.0,2
578.3206,2.0,2
1247.545,10.0,2
649.7979,3.0,2
1095.584,4.0,2
4697.805,23.0,1
1752.1632,12.0,0
1222.4664000000002,5.0,2
1794.488,12.0,0
2945.1187999999997,11.0,0
1858.1984,14.0,0
1718.3180000000002,15.0,0
485.541,7.0,2
156.99720000000002,6.0,2
2301.5897999999997,12.0,0
4277.8833,20.0,1
443.3049,6.0,2
5597.5963,20.0,1
3631.4480000000003,12.0,1
3119.3383000000003,13.0,0
1301.0109,3.0,2
3374.5778999999998,15.0,1
1041.4752,9.0,2
1810.7831999999999,16.0,0
276.56399999999996,6.0,2
415.4696,2.0,2
1835.622,6.0,0
2723.88,8.0,0
212.68000000000004,5.0,2
3691.1757,18.0,1
2223.6147,12.0,0
1756.704,8.0,0
222.91499999999996,1.0,2
402.948,3.0,2
2109.6502,13.0,0
1012.3832,6.0,2
1500.2534999999998,9.0,0
1712.7654000000002,10.0,0
153.58980000000003,7.0,2
2495.1059,16.0,0
2518.9542,6.0,0
158.7576,4.0,2
1754.7731999999999,11.0,0
388.24170000000004,7.0,2
2772.0338,18.0,0
1288.7370000000003,6.0,2
3119.2996000000003,11.0,0
131.2476,4.0,2
3643.368,15.0,1
971.8968000000001,4.0,2
71.961,2.0,2
744.5311999999999,7.0,2
3360.165,10.0,1
315.8568000000001,7.0,2
2812.8184,7.0,0
1330.9065,7.0,2
1378.1032,10.0,2
326.80320000000006,9.0,2
204.2686,2.0,2
690.6419999999999,3.0,2
3218.6796,18.0,0
1773.7848,8.0,0
369.1259,1.0,2
973.9019999999999,3.0,2
2323.7666000000004,12.0,0
2150.4569,8.0,0
1900.9683,7.0,0
1577.4101999999998,10.0,0
2858.7176,12.0,0
1264.6872,6.0,2
977.912,8.0,2
2755.7739,19.0,0
1725.9360000000001,6.0,0
38.857,1.0,2
1067.22,5.0,2
2988.9656,19.0,0
709.3296,6.0,2
3342.3132,11.0,1
1386.8885,5.0,2
1099.3521,3.0,2
2447.613,9.0,0
207.9945,3.0,2
1286.145,7.0,2
438.7075,5.0,2
332.73449999999997,7.0,2
2592.5518,8.0,0
250.74000000000004,4.0,2
1780.0162000000003,11.0,0
1216.8663,4.0,2
565.0799999999999,4.0,2
3071.1755,14.0,0
533.4569,5.0,2
1202.5464000000002,6.0,2
2443.556,10.0,0
856.3199999999999,4.0,2
1845.1216000000004,14.0,0
1728.8166,8.0,0
3878.3493,25.0,1
1087.7468,11.0,2
3256.3134,12.0,0
55.5906,1.0,2
2661.9277,13.0,0
2536.6958999999997,9.0,0
218.7514,1.0,2
1807.2686,9.0,0
1108.012,14.0,2
611.9308000000001,12.0,2
891.5445000000001,7.0,2
294.42780000000005,4.0,2
339.79369999999994,1.0,2
118.7848,1.0,2
1358.0819999999999,14.0,2
1943.227,10.0,0
5436.4612,25.0,1
531.4795,10.0,2
402.12919999999997,6.0,2
657.9,3.0,2
2546.6574,7.0,0
708.444,6.0,2
672.4238,3.0,2
2320.8552,11.0,0
651.5145000000001,5.0,2
1497.096,8.0,0
3074.9898,10.0,0
3536.1960000000004,19.0,1
524.5824,6.0,2
560.4585,10.0,2
2314.308,7.0,0
3635.6229000000003,9.0,1
4094.55,25.0,1
1243.7896,7.0,2
225.34400000000002,7.0,2
1175.4153,3.0,2
1392.0659999999998,6.0,2
882.3100000000001,5.0,2
3305.0072,13.0,1
1096.67,4.0,2
1973.3882000000003,11.0,0
1395.0846,6.0,2
477.132,2.0,2
3965.517,15.0,1
2916.167,14.0,0
3664.1888000000004,12.0,1
2163.8266000000003,19.0,0
3812.5257,17.0,1
58.406400000000005,4.0,2
3235.7846999999997,15.0,0
2453.0357999999997,12.0,0
21.028,1.0,2
2968.395299999999,16.0,0
989.1853999999998,10.0,2
2842.8379999999997,9.0,0
216.648,3.0,2
4971.2667,20.0,1
205.7952,1.0,2
731.1406000000001,10.0,2
2347.6173000000003,9.0,0
991.1700000000001,8.0,2
2231.2521,7.0,0
3973.1498,14.0,1
1327.1175000000003,9.0,2
1444.2712000000001,7.0,0
3770.2376,11.0,1
1484.4,6.0,0
3944.9458999999997,13.0,1
1980.4936000000002,12.0,0
84.5964,1.0,2
590.5473,7.0,2
1449.9798,7.0,0
1194.48,6.0,2
1435.6399999999999,4.0,0
3373.4150999999997,21.0,1
619.5378000000001,6.0,2
953.4144,3.0,2
2031.25,5.0,0
386.8385,5.0,2
4036.5516000000002,11.0,1
1693.2369999999999,15.0,0
118.0966,1.0,2
1041.6488000000002,16.0,2
482.30699999999996,3.0,2
3041.9916000000003,12.0,0
5094.0452000000005,27.0,1
384.22670000000005,2.0,2
2131.454,11.0,0
1526.4288000000001,8.0,0
299.4891,13.0,2
100.75609999999999,1.0,2
1774.8234,6.0,0
125.46279999999999,4.0,2
2388.5539999999996,7.0,0
399.6384,2.0,2
4111.1556,25.0,1
3357.0000999999997,12.0,1
63.53099999999999,5.0,2
306.77940000000007,3.0,2
540.36,4.0,2
422.4272,4.0,2
1248.5525000000002,5.0,2
1132.3649,11.0,2
2987.2699,15.0,0
767.5488,3.0,2
1084.2692,4.0,2
4555.1034,23.0,1
1479.0816,10.0,0
3951.1956,30.0,1
99.17050000000002,5.0,2
652.8166,2.0,2
1205.793,9.0,2
364.35880000000003,6.0,2
1959.5829999999999,16.0,0
4316.6585,17.0,1
1028.4727999999998,4.0,2
1573.824,4.0,0
1055.0688,10.0,2
1142.296,4.0,2
2225.6736,9.0,0
561.528,2.0,2
288.0536,11.0,2
471.6096,2.0,2
49.717800000000004,9.0,2
2455.5366,6.0,0
1159.5795,5.0,2
3362.928,16.0,1
1420.5562,7.0,2
221.85,3.0,2
1170.2900000000002,5.0,2
1712.25,6.0,0
428.71599999999995,2.0,2
1567.0439999999999,9.0,0
595.9909,9.0,2
1537.401,5.0,0
16.852,2.0,2
87.9372,2.0,2
1517.7888,12.0,0
1235.5608,4.0,2
2110.9768,17.0,0
692.8503999999999,2.0,2
319.1998,2.0,2
942.2406000000001,7.0,2
1108.1204,4.0,2
2239.9436,9.0,0
386.496,8.0,2
543.1608,2.0,2
2391.3218,14.0,0
2495.745,9.0,0
287.73800000000006,1.0,2
859.0440000000001,8.0,2
4020.8646999999996,18.0,1
921.5136,9.0,2
1996.8462,8.0,0
1111.177,5.0,2
2303.9968,7.0,0
201.8016,16.0,2
913.9200000000001,6.0,2
2293.1608,8.0,0
2292.5951999999997,9.0,0
2684.8328,9.0,0
50.239599999999996,4.0,2
121.1209,1.0,2
3397.555,13.0,1
831.584,5.0,2
310.154,9.0,2
851.388,6.0,2
533.0616,7.0,2
732.0948,5.0,2
4057.6252,14.0,1
1631.3700000000001,5.0,0
769.4630999999999,9.0,2
1467.9040000000002,4.0,0
3875.8599000000004,25.0,1
1684.0536000000002,6.0,0
1135.1661,6.0,2
1530.3618000000001,13.0,0
84.2076,3.0,2
1986.4614000000001,7.0,0
378.94880000000006,8.0,2
1266.1857,9.0,2
5492.651899999999,28.0,1
301.4232,3.0,2
1389.2849999999999,9.0,2
3377.7486,9.0,1
2399.7222,10.0,0
146.81199999999998,8.0,2
273.12219999999996,2.0,2
747.1895999999999,7.0,2
3341.1234000000004,12.0,1
1647.6776999999997,11.0,0
457.87080000000003,10.0,2
6238.9152,25.0,1
5356.4487,27.0,1
999.7649999999999,11.0,2
153.832,8.0,2
2372.482,7.0,0
1737.995,5.0,0
794.9106,4.0,2
3338.5902000000006,10.0,1
979.8567999999999,8.0,2
227.682,2.0,2
3246.9844000000003,15.0,0
373.0512,8.0,2
1043.227,5.0,2
1184.9229,7.0,2
1198.3379999999997,12.0,2
2940.7156,21.0,0
114.0876,3.0,2
2413.8,8.0,0
3062.8704,12.0,0
1768.6573,22.0,0
418.9142,2.0,2
2243.4489000000003,9.0,0
1090.2133999999999,9.0,2
2619.6571000000004,13.0,0
2479.5057,9.0,0
2019.8242,12.0,0
3172.8457000000003,18.0,0
1532.8739999999998,7.0,0
381.4072,6.0,2
5208.7082,23.0,1
395.82699999999994,1.0,2
2107.7061999999996,9.0,0
648.817,2.0,2
2363.232,12.0,0
289.8108,9.0,2
3153.1898,9.0,0
2552.4224999999997,9.0,0
1295.4126,5.0,2
721.1987999999999,3.0,2
279.57930000000005,3.0,2
1223.1584,8.0,2
195.8656,8.0,2
1849.5228,9.0,0
4258.0144,19.0,1
1443.9744,9.0,0
2875.4790000000003,9.0,0
2425.384,8.0,0
1526.4913999999999,7.0,0
485.17120000000006,4.0,2
49.895999999999994,6.0,2
421.03800000000007,5.0,2
2759.5353,11.0,0
1058.8326,3.0,2
871.6595,5.0,2
3696.525,19.0,1
1455.1362000000001,7.0,0
2785.6780000000003,15.0,0
469.1670000000001,2.0,2
1102.5306,7.0,2
3766.7778,14.0,1
1358.5935,13.0,2
1173.456,5.0,2
635.7176000000001,8.0,2
468.5625,3.0,2
1011.5939999999999,8.0,2
568.5228000000001,4.0,2
1902.5244,11.0,0
197.01760000000002,4.0,2
123.497,1.0,2
3234.496,14.0,0
1793.6026000000002,17.0,0
30.132,1.0,2
2282.9982,7.0,0
549.5160000000001,3.0,2
7280.6386999999995,27.0,1
3215.8724,27.0,0
1604.9832000000004,8.0,0
2439.2456,10.0,0
445.6446,3.0,2
532.7936000000001,2.0,2
1445.7696,4.0,0
1113.4686000000004,7.0,2
630.4635,3.0,2
1569.5010000000002,18.0,0
517.9104000000001,9.0,2
4863.5389,25.0,1
181.74,4.0,2
1390.9536,9.0,2
811.9968000000001,8.0,2
2882.4005,15.0,0
1117.2312,7.0,2
207.7004,6.0,2
3539.413,23.0,1
1439.4627,7.0,0
627.5070000000002,3.0,2
861.6552,10.0,2
956.6207999999999,3.0,2
989.4996,13.0,2
1752.9831000000004,9.0,0
2469.1450000000004,9.0,0
3422.0816,14.0,1
173.852,1.0,2
1731.2314999999999,13.0,0
856.5732,7.0,2
1350.62,15.0,2
1885.0416,16.0,0
2644.8384,19.0,0
204.18179999999998,1.0,2
3025.4939999999997,8.0,0
2175.3064,14.0,0
1086.4163999999998,6.0,2
192.6774,3.0,2
2238.8562,11.0,0
6221.7074,26.0,1
969.5159999999998,9.0,2
3874.8795000000005,15.0,1
2108.8584,9.0,0
283.55920000000003,2.0,2
164.72500000000002,1.0,2
268.74399999999997,1.0,2
4543.0176,22.0,1
354.61799999999994,6.0,2
901.5108,7.0,2
279.00180000000006,7.0,2
151.94400000000002,3.0,2
1997.485,10.0,0
1302.7842,9.0,2
817.3048,4.0,2
1415.0051999999998,9.0,2
2032.7439999999997,9.0,0
139.08,6.0,2
98.415,3.0,2
1012.8656000000001,8.0,2
5652.8532,26.0,1
1396.164,7.0,2
1310.916,4.0,2
847.8851999999999,7.0,2
656.9536,8.0,2
3672.4512,15.0,1
76.8173,1.0,2
3387.2753,15.0,1
4480.5972,21.0,1
1767.324,8.0,0
1980.3126,9.0,0
2318.0924,10.0,0
690.2375999999999,3.0,2
2670.2389000000003,14.0,0
729.6465000000001,4.0,2
1125.3855999999998,8.0,2
2630.55,12.0,0
1001.2412999999998,3.0,2
586.105,2.0,2
2149.487,8.0,0
1518.5888,4.0,0
2680.8192,9.0,0
2159.1528,15.0,0
1067.4846,3.0,2
2010.2709,7.0,0
2741.4818000000005,13.0,0
601.2744000000001,6.0,2
278.859,7.0,2
1229.2785,3.0,2
1063.9464,3.0,2
57.5708,7.0,2
210.75,3.0,2
552.72,5.0,2
270.557,3.0,2
1702.7132,10.0,0
310.7496,3.0,2
4635.437399999999,21.0,1
2415.1785,18.0,0
826.8198000000001,6.0,2
604.7232,2.0,2
1795.3392,8.0,0
275.2074,6.0,2
4851.4611,24.0,1
123.2976,4.0,2
4299.9382000000005,25.0,1
252.85999999999999,5.0,2
1736.856,5.0,0
1557.6384999999998,13.0,0
514.8000000000001,9.0,2
4736.45,28.0,1
144.01520000000002,3.0,2
1646.8536000000001,8.0,0
5204.4208,27.0,1
2115.9792,8.0,0
632.355,3.0,2
1962.3548,12.0,0
2731.995,16.0,0
78.5524,2.0,2
5032.968,24.0,1
242.574,11.0,2
92.71119999999999,2.0,2
1488.816,5.0,0
155.18699999999998,1.0,2
7869.780099999999,31.0,1
3256.0584,10.0,0
516.1296,7.0,2
3948.9474000000005,16.0,1
5938.0864,25.0,1
493.236,9.0,2
977.5320000000002,4.0,2
2886.2567999999997,9.0,0
116.26780000000001,1.0,2
193.63979999999998,3.0,2
4398.3421,22.0,1
748.1643000000001,8.0,2
1738.4471999999998,6.0,0
4026.1288,25.0,1
1467.8587,7.0,0
502.474,7.0,2
5340.7333,14.0,1
379.52579999999995,2.0,2
5493.1026,18.0,1
1285.0452,18.0,2
1021.1655000000001,8.0,2
1766.6178,9.0,0
1027.5534,9.0,2
1851.1916,8.0,0
3321.9948000000004,13.0,1
686.511,9.0,2
1751.49,9.0,0
449.3068,2.0,2
674.6349,3.0,2
4915.34,23.0,1
423.63779999999997,2.0,2
3252.5528999999997,18.0,0
664.2117000000001,13.0,2
2878.3182,12.0,0
1657.7032000000002,12.0,0
6381.6900000000005,18.0,1
7714.836800000001,30.0,1
1223.6743999999999,8.0,2
1786.7820000000002,15.0,0
3801.1564000000003,11.0,1
2338.7151,13.0,0
986.3811000000001,9.0,2
2308.608,6.0,0
1521.408,7.0,0
2799.309,12.0,0
3141.6822,10.0,0
2028.7146000000002,9.0,0
411.7014000000001,9.0,2
356.78069999999997,3.0,2
3126.962,19.0,0
53.980500000000006,5.0,2
1024.7390999999998,7.0,2
2183.9118,7.0,0
667.8144000000001,9.0,2
457.58559999999994,2.0,2
1858.842,10.0,0
1424.8398000000002,15.0,0
1948.3648,8.0,0
1537.9398,6.0,0
108.21419999999999,2.0,2
723.9616000000001,2.0,2
85.70880000000001,6.0,2
2656.6150000000002,14.0,0
1463.7321,10.0,0
1132.5953000000002,12.0,2
769.6104,4.0,2
1931.3447999999999,8.0,0
1197.411,12.0,2
1539.3737999999998,17.0,0
4073.0751,20.0,1
53.16,1.0,2
200.8496,1.0,2
1609.1976,4.0,0
1923.6448,7.0,0
2692.008,11.0,0
561.1641000000001,8.0,2
2200.689,9.0,0
80.08,5.0,2
1076.7114,9.0,2
2780.4954,19.0,0
737.165,9.0,2
1060.1604,4.0,2
1960.2007,14.0,0
1275.7385000000004,10.0,2
2350.6392,7.0,0
1842.8860000000002,5.0,0
2336.5401,11.0,0
262.36710000000005,1.0,2
34.8254,1.0,2
280.952,3.0,2
102.195,9.0,2
1875.1824000000001,7.0,0
1971.7302,12.0,0
244.1478,1.0,2
1098.792,4.0,2
3000.67,14.0,0
398.981,5.0,2
2257.632,8.0,0
11.408000000000001,2.0,2
1193.049,6.0,2
1250.3118,12.0,2
2493.34,14.0,0
8961.255000000001,27.0,1
2006.2404000000001,9.0,0
1049.0269,10.0,2
2020.0566000000001,16.0,0
812.8548000000001,9.0,2
3562.92,16.0,1
5317.977,15.0,1
825.2448000000002,6.0,2
39.602700000000006,1.0,2
1809.8743999999997,13.0,0
2560.618,14.0,0
1606.9271999999999,8.0,0
3423.609,13.0,1
1936.7797999999998,16.0,0
504.6164,2.0,2
1114.7046,11.0,2
2501.2394000000004,15.0,0
99.23800000000001,5.0,2
3991.9655000000002,15.0,1
3685.6169999999993,9.0,1
3109.1028,9.0,0
2336.091,12.0,0
1617.7879999999998,5.0,0
714.5040000000001,6.0,2
1052.0748,7.0,2
1191.8716,14.0,2
2422.7115,18.0,0
1476.5464,4.0,0
511.5096,9.0,2
2337.0132000000003,12.0,0
540.1914999999999,2.0,2
2420.8638,13.0,0
4760.5608,19.0,1
950.9250000000001,5.0,2
1681.2886999999998,6.0,0
1025.6482999999998,15.0,2
258.68550000000005,1.0,2
1983.7377999999999,10.0,0
2573.7558000000004,13.0,0
1952.5518000000002,14.0,0
231.63400000000004,4.0,2
165.6,1.0,2
841.3248,4.0,2
1955.0968,12.0,0
1925.0054999999998,16.0,0
2770.5265,8.0,0
1297.3736000000001,8.0,2
1364.7336,8.0,2
2315.7942000000003,15.0,0
2624.2475,7.0,0
1243.074,5.0,2
1640.6880000000003,6.0,0
1561.4650000000001,16.0,0
98.42159999999998,2.0,2
744.8238,8.0,2
792.4241999999999,6.0,2
3038.322,12.0,0
232.79659999999998,1.0,2
4731.6812,27.0,1
4751.176799999999,22.0,1
3728.1381,22.0,1
739.9140000000001,7.0,2
1517.6458,20.0,0
910.1931999999999,4.0,2
600.7968,3.0,2
3560.112,14.0,1
343.53540000000004,3.0,2
4928.987,18.0,1
3525.3752000000004,16.0,1
1031.184,8.0,2
380.6888,8.0,2
382.26719999999995,2.0,2
207.138,1.0,2
44.583400000000005,1.0,2
851.9742,7.0,2
4055.969,19.0,1
3403.2447,15.0,1
27.787200000000002,3.0,2
3565.9736000000003,16.0,1
2233.0824,7.0,0
29.027499999999996,5.0,2
2161.8448,12.0,0
1183.532,5.0,2
2735.7252,17.0,0
88.59060000000001,1.0,2
1897.5206999999998,11.0,0
1320.8222999999998,11.0,2
638.5679999999999,6.0,2
1971.6360000000002,20.0,0
846.4271999999999,6.0,2
2092.3979999999997,6.0,0
432.4583999999999,4.0,2
212.08079999999998,2.0,2
2354.3743999999997,8.0,0
2165.6196,9.0,0
139.1955,1.0,2
1244.3742000000002,12.0,2
1541.7877999999996,11.0,0
3482.3880000000004,8.0,1
4863.7824,16.0,1
3207.2309999999998,13.0,0
898.1880000000001,8.0,2
2194.6967999999997,8.0,0
1615.6952,7.0,0
565.1028000000001,9.0,2
1225.4088000000002,7.0,2
1084.3605000000002,12.0,2
1423.0205,14.0,0
2214.7434,12.0,0
1186.6498000000001,11.0,2
3447.5734,12.0,1
44.50599999999999,1.0,2
317.6493,3.0,2
348.7824,2.0,2
871.6679999999999,4.0,2
1880.7648,10.0,0
598.5906,9.0,2
181.31840000000003,2.0,2
2827.2096,9.0,0
3013.5936,15.0,0
136.0776,8.0,2
378.4704,8.0,2
1359.0849999999998,5.0,2
853.6548000000001,4.0,2
1211.0695999999998,4.0,2
275.052,1.0,2
117.984,6.0,2
267.1696,2.0,2
2431.4585999999995,10.0,0
1948.4018999999998,10.0,0
546.426,9.0,2
442.92359999999996,8.0,2
2062.5,10.0,0
1590.1055999999999,6.0,0
562.204,14.0,2
1028.3392,7.0,2
437.152,4.0,2
5878.431699999999,28.0,1
133.3172,1.0,2
966.6739999999999,15.0,2
2844.7272000000003,21.0,0
762.7633000000001,2.0,2
1349.4864,6.0,2
1396.239,6.0,2
4230.2609999999995,30.0,1
3374.0842000000002,9.0,1
2302.8576,14.0,0
1030.2198,3.0,2
2052.9021,7.0,0
184.5558,1.0,2
1115.2,8.0,2
3941.8013999999994,28.0,1
146.6388,2.0,2
273.94640000000004,2.0,2
1004.76,9.0,2
1223.2314,3.0,2
678.573,9.0,2
1655.7021999999997,8.0,0
974.8032000000001,7.0,2
1140.2374,14.0,2
1827.2604000000001,5.0,0
920.3232,8.0,2
809.6126,10.0,2
752.8518000000001,9.0,2
902.0535,3.0,2
3417.0685000000003,16.0,1
3441.7596,13.0,1
55.87199999999999,1.0,2
1368.9619999999998,12.0,2
18.4434,6.0,2
5888.6261,25.0,1
3392.7696,17.0,1
413.8048,8.0,2
4251.1384,17.0,1
1263.0816,4.0,2
389.9988,2.0,2
2487.2129999999997,14.0,0
1061.45,5.0,2
393.1928,8.0,2
88.17389999999999,1.0,2
1595.664,7.0,0
340.17300000000006,1.0,2
2539.264,8.0,0
4003.7216,11.0,1
1704.7408,11.0,0
874.4819999999999,2.0,2
8.952,2.0,2
1942.328,5.0,0
4028.1858,23.0,1
1571.0882000000001,7.0,0
1802.899,5.0,0
1556.0800000000002,8.0,0
719.1798,14.0,2
3027.367,14.0,0
670.7624,7.0,2
1594.3518,8.0,0
1110.909,6.0,2
296.8875,1.0,2
1358.9589999999998,5.0,2
1836.5598,12.0,0
491.188,5.0,2
1460.7343999999998,10.0,0
354.15,3.0,2
3000.1092,11.0,0
2292.5778,13.0,0
62.806,2.0,2
125.1666,3.0,2
1187.6879999999999,5.0,2
5636.7732,20.0,1
539.0527999999999,2.0,2
721.305,3.0,2
1878.9927999999998,22.0,0
1888.5489999999998,8.0,0
226.0494,6.0,2
1723.1668,15.0,0
3723.0597000000002,20.0,1
2350.9698,10.0,0
326.4804,1.0,2
1634.3018000000002,8.0,0
56.851200000000006,8.0,2
2469.0690000000004,11.0,0
579.1967999999999,8.0,2
2325.9078,9.0,0
1535.3688000000002,6.0,0
413.21579999999994,6.0,2
1261.2493,12.0,2
301.3696,2.0,2
291.8448,1.0,2
1109.7979999999998,9.0,2
1347.4044,8.0,2
285.0004,2.0,2
316.6367,1.0,2
2586.1374,7.0,0
2434.5982000000004,16.0,0
3667.8766,25.0,1
913.1940000000001,6.0,2
187.268,8.0,2
363.1544,10.0,2
6354.8614,25.0,1
1266.0384000000001,4.0,2
838.3533,3.0,2
1140.9534999999998,5.0,2
2243.6031,23.0,0
1865.5488,9.0,0
235.9944,10.0,2
3321.6392,10.0,1
400.7024,2.0,2
1114.8591999999999,8.0,2
797.9863999999999,4.0,2
121.58100000000002,1.0,2
3674.4683999999997,17.0,1
1971.3659000000002,9.0,0
2565.9292000000005,9.0,0
2323.2132,9.0,0
2171.3548,8.0,0
1929.6018000000001,9.0,0
1591.163,13.0,0
1676.22,8.0,0
1414.341,15.0,2
77.792,8.0,2
2461.0635,7.0,0
3761.2416,14.0,1
802.6379999999999,6.0,2
1350.58,4.0,2
274.9824,7.0,2
397.5636,7.0,2
2591.763,16.0,0
249.58079999999998,2.0,2
3129.0552000000002,12.0,0
1395.5148,10.0,2
1011.1715,5.0,2
324.105,3.0,2
2231.3772000000004,6.0,0
2813.2216000000003,8.0,0
1233.688,11.0,2
995.9040000000001,3.0,2
481.272,4.0,2
49.325399999999995,9.0,2
1201.578,3.0,2
1887.8363000000002,12.0,0
1636.7259999999999,7.0,0
2898.2819999999997,10.0,0
1314.4225000000001,7.0,2
321.59920000000005,2.0,2
1888.392,8.0,0
529.1999999999999,5.0,2
2959.9932,15.0,0
909.7224000000001,9.0,2
3786.8448000000003,16.0,1
804.1711999999999,7.0,2
88.2504,2.0,2
2836.0984,19.0,0
801.5658000000001,3.0,2
107.9128,2.0,2
748.935,2.0,2
1964.4471000000003,9.0,0
874.6659999999999,13.0,2
2664.9976000000006,14.0,0
1579.1625000000001,18.0,0
604.2016,8.0,2
436.10519999999997,3.0,2
2160.0879999999997,8.0,0
1610.5960000000002,13.0,0
887.3856,6.0,2
178.9242,6.0,2
6.872399999999999,1.0,2
596.7968999999999,7.0,2
3745.9674,18.0,1
2097.55,7.0,0
1098.3632,3.0,2
533.108,17.0,2
671.1628000000001,4.0,2
233.27519999999998,4.0,2
57.245999999999995,2.0,2
2194.4044999999996,8.0,0
2838.3986000000004,12.0,0
849.0264000000001,4.0,2
2666.5146,9.0,0
1161.2495999999999,6.0,2
414.0774,2.0,2
3666.0617999999995,17.0,1
1841.9361000000001,17.0,0
41.995,1.0,2
63.792500000000004,5.0,2
3127.4556000000002,14.0,0
783.4764,14.0,2
2159.9307,9.0,0
208.87619999999998,2.0,2
159.01680000000002,6.0,2
1389.1499999999999,7.0,2
2939.0589,16.0,0
1421.868,10.0,2
42.9704,1.0,2
3635.4381,21.0,1
2007.8856,11.0,0
2305.3316,6.0,0
317.603,1.0,2
3346.4451000000004,18.0,1
2393.2656,6.0,0
1150.9569000000001,3.0,2
2082.2039999999997,9.0,0
3897.1624,18.0,1
3305.2896,13.0,1
3407.883,15.0,1
303.8868,4.0,2
804.7352,4.0,2
1170.971,12.0,2
3780.5615999999995,9.0,1
5018.5608,22.0,1
2430.6941,16.0,0
735.9336,2.0,2
357.94860000000006,2.0,2
1250.432,5.0,2
1923.4400000000003,5.0,0
1856.4194,12.0,0
1904.7531999999999,13.0,0
702.0012,6.0,2
83.0004,1.0,2
447.215,10.0,2
266.0424,2.0,2
257.476,5.0,2
1636.2494000000002,7.0,0
2906.7408,12.0,0
178.848,9.0,2
2195.2284,10.0,0
833.986,2.0,2
285.503,5.0,2
25.9464,1.0,2
1138.626,9.0,2
2630.602,13.0,0
2827.094,12.0,0
204.16639999999998,4.0,2
186.40800000000002,1.0,2
70.75399999999999,1.0,2
18.547199999999997,2.0,2
2041.672,9.0,0
635.914,12.0,2
2735.0101,11.0,0
1283.2146,3.0,2
4372.7864,17.0,1
894.3263999999999,9.0,2
2120.7856,12.0,0
231.2928,4.0,2
1785.7865000000002,5.0,0
377.75359999999995,8.0,2
1128.6668,10.0,2
1655.528,8.0,0
4874.7016,19.0,1
1874.7598,15.0,0
2617.5635999999995,18.0,0
740.5368,6.0,2
2605.1801,13.0,0
626.9440000000001,2.0,2
4246.9023,13.0,1
588.9258,2.0,2
1319.7816,9.0,2
1939.4893000000002,7.0,0
1892.241,9.0,0
1324.736,8.0,2
728.4775999999999,8.0,2
1748.5319999999997,17.0,0
1215.2628,9.0,2
5602.7598,21.0,1
463.62120000000004,7.0,2
5674.9872000000005,40.0,1
2320.744,26.0,0
1527.0332,4.0,0
1003.3719999999998,10.0,2
2108.1098,11.0,0
241.05329999999998,1.0,2
593.4689999999999,5.0,2
967.382,5.0,2
354.7608,8.0,2
1718.7173999999998,11.0,0
2808.7297000000003,22.0,0
4277.0108,21.0,1
10.2952,2.0,2
338.1600000000001,6.0,2
1676.7336,6.0,0
1536.9858,9.0,0
987.2715999999998,7.0,2
1403.099,5.0,2
3796.5757,23.0,1
38.78,1.0,2
2480.4549,7.0,0
1920.4388,7.0,0
1245.7809000000002,9.0,2
3336.4713999999994,14.0,1
153.21600000000004,2.0,2
1346.3984,4.0,2
332.87800000000004,2.0,2
2630.448,8.0,0
1981.0493999999999,6.0,0
147.10999999999999,5.0,2
3589.7786,10.0,1
2176.4960000000005,7.0,0
440.267,2.0,2
2776.6118,11.0,0
1513.7214,5.0,0
316.96359999999993,2.0,2
3289.2288000000003,8.0,1
2564.7173999999995,9.0,0
1059.1785,5.0,2
1616.3559999999998,5.0,0
1272.0834,6.0,2
233.66880000000003,2.0,2
837.1379999999999,6.0,2
367.053,4.0,2
573.5808,5.0,2
3081.737,11.0,0
814.2336,4.0,2
960.9722000000002,7.0,2
560.3245,5.0,2
2017.0724,7.0,0
3553.8645,11.0,1
2201.3339,7.0,0
3279.5004,10.0,0
915.3324,3.0,2
3522.9915,12.0,1
746.9736,9.0,2
2322.3023999999996,6.0,0
5228.0002,16.0,1
3869.6642999999995,9.0,1
776.0159999999998,3.0,2
561.5916000000001,4.0,2
982.8711,14.0,2
268.022,2.0,2
400.044,4.0,2
3199.065,19.0,0
7982.8778999999995,23.0,1
171.01919999999998,8.0,2
782.6961999999999,4.0,2
2260.08,9.0,0
787.4788000000001,2.0,2
506.8224,7.0,2
1093.576,4.0,2
2705.6926000000003,7.0,0
796.7277999999999,3.0,2
791.1358,2.0,2
238.3944,1.0,2
716.3095,10.0,2
1477.1825,5.0,0
2637.3074,18.0,0
2445.1992,16.0,0
2586.8612000000003,15.0,0
521.4474000000001,2.0,2
229.3556,1.0,2
267.8134,1.0,2
915.5310000000001,3.0,2
987.5606999999999,7.0,2
2606.5452,7.0,0
6449.6448,30.0,1
4763.6229,20.0,1
2056.32,9.0,0
1149.3297,18.0,2
1631.8722,9.0,0
2397.6449999999995,16.0,0
1476.2696999999998,21.0,0
2139.8036,15.0,0
759.3480000000001,2.0,2
2623.8019999999997,14.0,0
2054.9975000000004,8.0,0
486.58399999999995,2.0,2
649.971,6.0,2
4159.5692,11.0,1
962.2591999999999,4.0,2
1589.9579999999999,9.0,0
3553.7999,18.0,1
23.348000000000003,5.0,2
1181.6929999999998,7.0,2
529.4034,2.0,2
207.5163,7.0,2
1396.3671,9.0,2
1912.8770000000004,12.0,0
2206.9368,6.0,0
2701.9632,12.0,0
648.8790000000001,5.0,2
1127.0147000000002,8.0,2
1536.6402,14.0,0
7853.3264,30.0,1
4994.6814,22.0,1
1862.6530000000002,6.0,0
227.15,1.0,2
42.93600000000001,2.0,2
5000.7339,15.0,1
228.124,5.0,2
5648.4193,21.0,1
1478.2317,11.0,0
1411.396,4.0,2
1920.9762,15.0,0
3103.9875,9.0,0
379.904,8.0,2
1600.1705,14.0,0
1521.5604,8.0,0
3846.1244,23.0,1
7423.7035000000005,31.0,1
3161.0747999999994,13.0,0
4761.7970000000005,16.0,1
515.4029999999999,9.0,2
4633.1803,14.0,1
627.606,3.0,2
2203.7126000000003,9.0,0
2392.7573,11.0,0
1706.7568,10.0,0
339.59380000000004,1.0,2
681.8742000000001,7.0,2
3157.4846,19.0,0
1269.3497,5.0,2
1078.95,8.0,2
3632.2920000000004,16.0,1
5669.7068,19.0,1
2669.9022,12.0,0
1918.8434000000002,14.0,0
2971.6344,13.0,0
3388.644,9.0,1
1044.231,12.0,2
3519.2794000000004,15.0,1
259.52680000000004,1.0,2
4666.3904,26.0,1
47.724999999999994,1.0,2
1970.4800999999998,10.0,0
3178.5684,18.0,0
37.406099999999995,1.0,2
3517.0496000000003,8.0,1
3624.2260000000006,10.0,1
3136.049,19.0,0
158.69599999999997,1.0,2
439.248,4.0,2
3586.7722,30.0,1
1353.4888999999998,15.0,2
273.675,5.0,2
179.79,1.0,2
743.292,9.0,2
660.1413000000001,3.0,2
184.97,2.0,2
2987.4102000000003,22.0,0
2298.1773000000003,9.0,0
1231.2090000000003,6.0,2
959.6912,4.0,2
3839.3768,16.0,1
2720.7544000000003,7.0,0
2038.6860000000001,8.0,0
269.18,2.0,2
466.922,5.0,2
1462.9720000000002,11.0,0
4564.4292000000005,13.0,1
2175.4008000000003,12.0,0
1760.928,8.0,0
457.06499999999994,2.0,2
1358.1008000000002,12.0,2
1458.996,8.0,0
674.1638999999999,3.0,2
361.67040000000003,7.0,2
57.4172,1.0,2
2838.4290000000005,6.0,0
326.897,1.0,2
1663.4205,5.0,0
1497.8268000000003,9.0,0
2486.9936,16.0,0
1741.8544,4.0,0
2509.9968000000003,8.0,0
447.31140000000005,10.0,2
134.016,9.0,2
960.9419999999999,5.0,2
1179.1262000000002,8.0,2
2448.7218,13.0,0
4236.1508,26.0,1
4506.5121,17.0,1
852.7728000000001,6.0,2
345.4674,2.0,2
2698.9719999999998,11.0,0
286.0,2.0,2
4678.3848,24.0,1
60.38999999999999,3.0,2
497.7075,7.0,2
2898.3465000000006,13.0,0
106.06200000000001,4.0,2
180.1216,1.0,2
1402.896,6.0,2
1196.7592,4.0,2
1539.4125000000001,12.0,0
1514.6832,10.0,0
1055.1453999999999,5.0,2
494.0595,3.0,2
1314.6653999999999,11.0,2
2176.6556000000005,7.0,0
112.88699999999999,9.0,2
3435.1482,16.0,1
674.0999999999999,5.0,2
971.4162,6.0,2
989.1212000000002,4.0,2
2474.4797000000003,7.0,0
964.4183999999999,8.0,2
1711.4260000000002,16.0,0
2615.3855999999996,9.0,0
21.723800000000004,7.0,2
3642.2598,11.0,1
536.4,8.0,2
3679.9494000000004,19.0,1
297.01399999999995,2.0,2
301.5936,9.0,2
2342.3316000000004,19.0,0
175.0032,6.0,2
2718.5759999999996,9.0,0
1333.1578,9.0,2
2174.9422,16.0,0
3363.519,10.0,1
675.2592000000001,9.0,2
1071.63,5.0,2
3642.5532999999996,12.0,1
2075.7152,7.0,0
347.8302,6.0,2
1897.6163000000001,10.0,0
151.6484,4.0,2
2124.2502999999997,18.0,0
2513.0951999999997,9.0,0
421.33000000000004,2.0,2
1274.5216,4.0,2
1520.8897,13.0,0
2052.7380000000003,16.0,0
510.9208,2.0,2
3399.0945999999994,13.0,1
230.384,7.0,2
1486.4777,10.0,0
1729.86,16.0,0
1366.9656000000002,8.0,2
22.826999999999998,3.0,2
2351.9328,8.0,0
583.6625999999999,3.0,2
2212.737,11.0,0
944.5167,3.0,2
2505.6626,8.0,0
630.4104,3.0,2
29.2698,2.0,2
218.03360000000004,4.0,2
50.7032,8.0,2
558.4907999999999,3.0,2
91.6752,2.0,2
4651.862,21.0,1
677.8245999999999,3.0,2
2512.5708,17.0,0
1647.885,17.0,0
98.28719999999998,8.0,2
2384.4480000000003,6.0,0
2624.4038,8.0,0
170.33,1.0,2
2556.528,8.0,0
2168.5804,10.0,0
1897.0259999999998,10.0,0
4126.0662,21.0,1
4860.768599999999,19.0,1
902.4509999999999,5.0,2
866.4192,6.0,2
1054.7824,8.0,2
3933.0543999999995,17.0,1
1558.4346,14.0,0
3143.5479000000005,9.0,0
229.6404,1.0,2
819.944,8.0,2
264.7232,7.0,2
4215.3297999999995,18.0,1
886.158,9.0,2
2396.3741999999997,11.0,0
4014.2314,14.0,1
1993.395,7.0,0
2694.3696000000004,8.0,0
3387.0261999999993,14.0,1
1851.8058,6.0,0
88.32000000000001,3.0,2
672.8291999999999,15.0,2
1544.9385,9.0,0
3650.4069000000004,13.0,1
748.9300000000001,5.0,2
9886.8879,30.0,1
230.97930000000002,1.0,2
1919.5133999999998,6.0,0
5244.5778,14.0,1
4979.5704,16.0,1
1271.9815999999998,4.0,2
48.073499999999996,5.0,2
542.1044999999999,7.0,2
53.441199999999995,1.0,2
1616.472,5.0,0
512.9490000000001,6.0,2
150.38100000000003,3.0,2
1235.232,8.0,2
1506.2831999999999,4.0,0
251.35460000000003,1.0,2
539.8368,8.0,2
1552.6275999999998,7.0,0
1826.1501,7.0,0
6082.455,22.0,1
884.6292000000001,7.0,2
451.623,1.0,2
2222.0796,14.0,0
794.242,5.0,2
2379.1503999999995,18.0,0
4901.929899999999,25.0,1
2328.9492,16.0,0
3510.1398,10.0,1
1486.6664,11.0,0
2210.2122,12.0,0
510.89920000000006,7.0,2
1074.1374,3.0,2
3132.428,12.0,0
2433.8070000000007,9.0,0
145.0986,2.0,2
609.9027,6.0,2
797.2398000000001,7.0,2
1242.3509999999999,9.0,2
1600.9920000000002,4.0,0
3980.5818,20.0,1
979.7133,28.0,2
1229.8386000000003,7.0,2
267.264,6.0,2
1723.7274999999997,5.0,0
1820.08,8.0,0
2525.7825,17.0,0
4185.303,12.0,1
829.0227,6.0,2
153.7008,8.0,2
1084.3146000000002,3.0,2
1503.6480000000001,9.0,0
2645.9043,12.0,0
31.3056,1.0,2
2617.4779,13.0,0
2957.3262,9.0,0
882.4032,8.0,2
2177.081,10.0,0
220.252,8.0,2
1614.3696,23.0,0
2009.9757999999997,7.0,0
661.0020000000001,5.0,2
766.1011,7.0,2
255.71160000000003,2.0,2
1116.5524,12.0,2
1769.8328999999999,9.0,0
1519.0236999999997,9.0,0
4976.0307,15.0,1
2700.2421,8.0,0
2902.571,11.0,0
3223.6502,13.0,0
5025.5981,33.0,1
314.4875,9.0,2
270.9211,8.0,2
3437.2215,14.0,1
326.808,7.0,2
3251.0420000000004,17.0,0
4833.84,18.0,1
1591.3432,11.0,0
1533.7424,11.0,0
1449.379,7.0,0
4735.1968,24.0,1
1537.1824000000001,6.0,0
4290.4512,18.0,1
365.44410000000005,7.0,2
3240.3704000000002,12.0,0
772.5942000000001,3.0,2
687.2502000000001,3.0,2
567.7287,3.0,2
1006.2095999999999,6.0,2
3811.0472,12.0,1
2645.6332,18.0,0
1257.9933,13.0,2
1199.8805,5.0,2
3803.245,10.0,1
4704.027,17.0,1
1825.4294999999997,9.0,0
62.327200000000005,2.0,2
684.5908999999999,6.0,2
3431.7977,19.0,1
292.37760000000003,4.0,2
106.41900000000001,1.0,2
1452.7618000000002,26.0,0
466.47510000000005,3.0,2
1835.0294999999999,7.0,0
115.5308,1.0,2
1082.5919999999999,3.0,2
943.6644000000001,7.0,2
289.3744,2.0,2
459.68100000000004,2.0,2
728.1099999999999,5.0,2
646.3776,2.0,2
1466.1108,9.0,0
266.4828,11.0,2
1090.3039999999999,8.0,2
2760.912,8.0,0
889.2330000000001,8.0,2
6835.7054,19.0,1
2365.5369,16.0,0
2992.1387999999997,7.0,0
1713.0972,4.0,0
829.3083999999999,4.0,2
553.3657000000001,11.0,2
779.5331999999999,9.0,2
2518.8302000000003,17.0,0
583.0446000000001,3.0,2
2793.5097,14.0,0
245.7783,9.0,2
3819.3701999999994,21.0,1
874.4148,6.0,2
475.006,5.0,2
288.2016,1.0,2
855.311,3.0,2
1919.8998,9.0,0
784.0741999999999,7.0,2
221.37360000000007,3.0,2
710.1887999999999,4.0,2
61.1072,8.0,2
2892.7862999999998,14.0,0
4219.2243,18.0,1
1933.8156,8.0,0
112.08,1.0,2
1532.2230000000002,6.0,0
976.3425,3.0,2
719.4666000000001,3.0,2
1583.4096,8.0,0
353.1626,4.0,2
451.4068,2.0,2
3502.8599999999997,10.0,1
589.9308,3.0,2
1730.244,6.0,0
5119.9947,25.0,1
821.202,13.0,2
1714.5043999999998,7.0,0
539.2733999999999,6.0,2
440.9736,3.0,2
4781.640600000001,14.0,1
557.3061,3.0,2
3198.1028,13.0,0
1480.0939,7.0,0
2570.5105,15.0,0
1797.2928000000002,6.0,0
225.868,3.0,2
2639.7696,8.0,0
1367.4672,9.0,2
2574.396,8.0,0
1076.292,4.0,2
1220.6714000000002,10.0,2
1195.3415999999997,6.0,2
6899.2113,31.0,1
1503.2640000000001,8.0,0
835.5798,9.0,2
1280.1240000000003,4.0,2
1965.1776000000002,8.0,0
1757.754,9.0,0
4329.9711,24.0,1
1686.1644,4.0,0
4807.9614,16.0,1
1038.2939999999999,3.0,2
1462.6200000000001,8.0,0
339.48,6.0,2
806.894,4.0,2
1500.517,18.0,0
1657.0008,9.0,0
1574.3532,17.0,0
344.52469999999994,1.0,2
2892.0020000000004,12.0,0
1315.6378,7.0,2
967.0740000000001,13.0,2
2139.5367,9.0,0
2389.0353999999998,7.0,0
2073.744,9.0,0
667.3558,9.0,2
271.072,1.0,2
1290.4560000000001,10.0,2
2534.4024999999997,14.0,0
1569.0024000000003,9.0,0
1765.8648,7.0,0
2591.4046000000003,14.0,0
886.6656000000002,6.0,2
3370.5915000000005,9.0,1
1475.7275,5.0,0
620.544,4.0,2
1840.4564,11.0,0
821.3709000000001,3.0,2
393.84540000000004,3.0,2
75.7323,1.0,2
572.0255999999999,9.0,2
349.91999999999996,9.0,2
809.1909,3.0,2
385.08480000000003,4.0,2
372.8448,2.0,2
1171.5,5.0,2
440.3922,1.0,2
2472.6375,11.0,0
2878.6688,12.0,0
779.688,5.0,2
767.1618,8.0,2
1619.9652,14.0,0
216.1692,1.0,2
493.34399999999994,3.0,2
2433.091,10.0,0
1652.4488000000001,9.0,0
2066.2243,12.0,0
2429.5649999999996,6.0,0
2031.5987999999998,8.0,0
136.1728,1.0,2
3604.7758,19.0,1
1391.8270000000002,9.0,2
46.48,7.0,2
2791.3346999999994,12.0,0
1556.6469000000002,15.0,0
516.6612,6.0,2
1379.9604000000002,7.0,2
1883.4607999999998,13.0,0
1738.584,8.0,0
1232.5383000000002,7.0,2
2204.7615,9.0,0
1788.2723999999998,8.0,0
2610.744,15.0,0
649.1495999999999,2.0,2
731.4171000000001,3.0,2
562.7034000000001,7.0,2
962.3833999999999,6.0,2
2295.1292000000003,12.0,0
1595.7312000000002,8.0,0
2970.9924,14.0,0
3498.922,12.0,1
691.0920000000001,5.0,2
1301.9256,8.0,2
656.6560000000001,2.0,2
1937.6100000000001,5.0,0
691.6023000000001,3.0,2
782.5219,11.0,2
1783.6099,6.0,0
1509.6167999999998,10.0,0
1927.26,6.0,0
349.4442,2.0,2
2086.5972,7.0,0
563.928,3.0,2
112.8528,3.0,2
1467.9940000000001,7.0,0
278.42519999999996,4.0,2
133.5702,1.0,2
1862.5490999999997,13.0,0
3760.1066,19.0,1
4203.6170999999995,10.0,1
2813.1627,15.0,0
614.8548000000001,3.0,2
713.376,8.0,2
689.1381,5.0,2
779.8194000000001,2.0,2
640.167,3.0,2
4865.715,20.0,1
22.988699999999998,3.0,2
212.2575,1.0,2
126.3816,4.0,2
884.4860000000001,7.0,2
98.974,2.0,2
2695.041,9.0,0
1394.4006000000002,8.0,2
603.2831,7.0,2
193.65009999999995,1.0,2
785.5674,3.0,2
1739.384,7.0,0
265.6544,2.0,2
880.0938,3.0,2
390.0588,3.0,2
2510.272,20.0,0
2200.4928,8.0,0
493.60769999999997,12.0,2
2050.3158,6.0,0
319.54560000000004,3.0,2
593.3376000000001,3.0,2
1596.1924,6.0,0
1546.2625,5.0,0
708.864,5.0,2
423.49359999999996,4.0,2
2047.8843999999997,15.0,0
330.7824,4.0,2
694.8755000000002,11.0,2
1473.7140000000004,9.0,0
763.4684,4.0,2
1786.5338000000002,15.0,0
410.176,5.0,2
1324.053,9.0,2
4046.0346,13.0,1
182.8242,1.0,2
2716.14,7.0,0
985.396,8.0,2
3221.2787,14.0,0
1165.4064,9.0,2
560.9128,2.0,2
84.3535,5.0,2
1920.6096,13.0,0
5787.6938,31.0,1
1367.9392,8.0,2
3162.6551000000004,10.0,0
55.9268,1.0,2
4102.4856,12.0,1
1130.3306,10.0,2
1135.1879999999999,5.0,2
1198.6716,11.0,2
1745.0932000000003,9.0,0
301.112,4.0,2
1426.1977000000002,12.0,0
1023.7864000000001,4.0,2
388.0704,4.0,2
595.096,4.0,2
2775.5325000000003,12.0,0
687.6918000000001,12.0,2
7864.8213,25.0,1
521.1024,7.0,2
270.522,3.0,2
197.91520000000003,1.0,2
2990.1204,17.0,0
755.3214000000002,8.0,2
43.7492,1.0,2
2387.2532,11.0,0
536.1704,8.0,2
2761.668,9.0,0
440.0487,1.0,2
3390.746,15.0,1
1719.6072,6.0,0
386.80740000000003,3.0,2
159.4296,4.0,2
297.875,6.0,2
1221.651,12.0,2
586.2968,2.0,2
855.5152,8.0,2
2506.3314,9.0,0
995.9372000000001,4.0,2
2316.7677,15.0,0
1339.0292999999997,7.0,2
1104.2432,14.0,2
287.71819999999997,1.0,2
397.29069999999996,7.0,2
167.0438,2.0,2
193.80910000000003,1.0,2
2276.7444,11.0,0
349.0432,1.0,2
737.0853999999999,4.0,2
298.9888,4.0,2
773.7358999999999,7.0,2
1482.9696,6.0,0
2595.2056,11.0,0
1693.278,9.0,0
1687.5572,7.0,0
6530.4583999999995,21.0,1
1371.0942,6.0,2
836.4101999999999,3.0,2
725.5064000000001,8.0,2
3716.6944,9.0,1
117.7666,2.0,2
686.8656000000001,10.0,2
1161.7913999999998,7.0,2
353.1195,1.0,2
903.4116,2.0,2
5525.254599999999,16.0,1
508.0452,2.0,2
609.2442000000001,5.0,2
1913.0904,6.0,0
2370.368,8.0,0
1296.047,13.0,2
642.2249999999999,3.0,2
410.8655,1.0,2
299.1708,2.0,2
1154.9920000000002,5.0,2
123.21760000000002,8.0,2
786.156,7.0,2
848.0459999999999,6.0,2
4353.1422,18.0,1
638.3112000000001,13.0,2
1516.6584,9.0,0
206.65259999999998,3.0,2
77.8389,1.0,2
1384.5888,4.0,2
1174.2912000000001,8.0,2
569.0808,11.0,2
621.3072,14.0,2
1381.3848,6.0,2
1685.9886000000001,7.0,0
1159.2574,7.0,2
1371.4625999999998,14.0,2
3083.9186,17.0,0
1189.3050000000003,6.0,2
346.8864,7.0,2
1140.2633,8.0,2
1003.2456000000001,7.0,2
1256.64,6.0,2
4233.9220000000005,13.0,1
1153.3,4.0,2
781.8606,6.0,2
1207.2816000000003,6.0,2
1512.8480000000002,4.0,0
2722.8312,9.0,0
2992.7205000000004,7.0,0
3943.4938,16.0,1
2146.9392000000003,6.0,0
6226.7328,16.0,1
1121.1711000000003,7.0,2
1349.4509999999998,18.0,2
773.2259999999999,3.0,2
1587.0062,10.0,0
872.3267999999998,10.0,2
1841.5620000000001,6.0,0
1186.1129999999998,13.0,2
623.994,7.0,2
2219.4296999999997,18.0,0
2652.7216,8.0,0
2509.5144,6.0,0
4994.676,17.0,1
654.5004,6.0,2
794.1625,3.0,2
811.8539999999999,3.0,2
1834.1009999999997,10.0,0
487.21500000000003,6.0,2
1062.0456,4.0,2
146.328,5.0,2
339.61620000000005,6.0,2
883.6505999999999,3.0,2
671.908,9.0,2
2623.0135,11.0,0
3800.3614,21.0,1
54.89360000000001,2.0,2
146.2053,1.0,2
1280.0357999999999,15.0,2
313.5137,1.0,2
552.1552,4.0,2
1519.9763999999998,9.0,0
5545.7864,25.0,1
626.3883000000001,7.0,2
117.507,2.0,2
3847.8770999999997,24.0,1
522.2783999999999,2.0,2
621.6264000000001,6.0,2
1193.205,5.0,2
4184.535,19.0,1
1742.0575999999999,6.0,0
514.528,5.0,2
2106.9208000000003,9.0,0
1166.2390000000003,8.0,2
51.22,1.0,2
5772.9351,22.0,1
475.924,2.0,2
3623.7760000000007,16.0,1
6149.9442,28.0,1
798.7874000000002,8.0,2
177.14160000000004,8.0,2
1282.3500000000001,5.0,2
338.42719999999997,1.0,2
1564.329,6.0,0
926.0136,4.0,2
945.1397999999999,5.0,2
2046.7493999999997,12.0,0
4352.224,17.0,1
1067.2368,3.0,2
2368.4454,16.0,0
1193.592,3.0,2
117.2416,7.0,2
3544.0224,17.0,1
3417.7187999999996,16.0,1
1437.1143,7.0,0
3510.8065,13.0,1
3144.7144000000003,12.0,0
3382.6616,8.0,1
1275.157,5.0,2
40.32449999999999,3.0,2
3480.0332,23.0,1
235.95059999999998,6.0,2
2482.7786,10.0,0
2178.9954,11.0,0
638.8032,8.0,2
3979.7697999999996,12.0,1
680.9219999999999,4.0,2
1421.4352,9.0,2
790.2131999999998,4.0,2
2350.6086,13.0,0
72.8056,1.0,2
231.90599999999998,1.0,2
125.49,6.0,2
1478.1345,5.0,0
1951.4385,9.0,0
629.1736,2.0,2
61.5636,1.0,2
4733.6982,29.0,1
257.6448,3.0,2
1071.6852000000001,10.0,2
4646.5344,18.0,1
238.79099999999997,3.0,2
715.1664,4.0,2
814.0042000000001,8.0,2
266.56559999999996,3.0,2
2245.95,7.0,0
2620.3968,10.0,0
1705.5168,8.0,0
104.4153,9.0,2
3658.1237,17.0,1
